"order"|"filename"|"FilePath"|"RelativePath"|"sourcefile"
"1"|"ISound.sb.ps1"|"c:/code/Doom Powershell/src/Audio/ISound.sb.ps1"|"src/Audio/ISound.sb.ps1"|"ManagedDoom/src/Audio/ISound.cs"
"2"|"NullSound.sb.ps1"|"c:/code/Doom Powershell/src/Audio/NullSound.sb.ps1"|"src/Audio/NullSound.sb.ps1"|"ManagedDoom/src/Audio/NullSound.cs"
"3"|"DeHackEd.sb.ps1"|"c:/code/Doom Powershell/src/Doom/DeHackEd.sb.ps1"|"src/Doom/DeHackEd.sb.ps1"|"ManagedDoom/src/Doom/DeHackEd.cs"
"4"|"Doom.sb.ps1"|"c:/code/Doom Powershell/src/Doom/Doom.sb.ps1"|"src/Doom/Doom.sb.ps1"|"ManagedDoom/src/Doom/Doom.cs"
"5"|"DoomDebug.sb.ps1"|"c:/code/Doom Powershell/src/Doom/Common/DoomDebug.sb.ps1"|"src/Doom/Common/DoomDebug.sb.ps1"|"ManagedDoom/src/Doom/Common/DoomDebug.cs"
"6"|"Demo.sb.ps1"|"c:/code/Doom Powershell/src/Doom/Game/Demo.sb.ps1"|"src/Doom/Game/Demo.sb.ps1"|"ManagedDoom/src/Doom/Game/Demo.cs"
"7"|"DoomGame.sb.ps1"|"c:/code/Doom Powershell/src/Doom/Game/DoomGame.sb.ps1"|"src/Doom/Game/DoomGame.sb.ps1"|"ManagedDoom/src/Doom/Game/DoomGame.cs"
"8"|"GameContent.sb.ps1"|"c:/code/Doom Powershell/src/Doom/Game/GameContent.sb.ps1"|"src/Doom/Game/GameContent.sb.ps1"|"ManagedDoom/src/Doom/Game/GameContent.cs"
"9"|"IntermissionInfo.sb.ps1"|"c:/code/Doom Powershell/src/Doom/Intermission/IntermissionInfo.sb.ps1"|"src/Doom/Intermission/IntermissionInfo.sb.ps1"|"ManagedDoom/src/Intermission/IntermissionInfo.cs"
"10"|"PlayerScores.sb.ps1"|"c:/code/Doom Powershell/src/Doom/Intermission/PlayerScores.sb.ps1"|"src/Doom/Intermission/PlayerScores.sb.ps1"|"ManagedDoom/src/Intermission/Game/PlayerScores.cs"
"11"|"GameOptions.sb.ps1"|"c:/code/Doom Powershell/src/Doom/Game/GameOptions.sb.ps1"|"src/Doom/Game/GameOptions.sb.ps1"|"ManagedDoom/src/Doom/Game/GameOptions.cs"
"12"|"SaveAndLoad.sb.ps1"|"c:/code/Doom Powershell/src/Doom/Game/SaveAndLoad.sb.ps1"|"src/Doom/Game/SaveAndLoad.sb.ps1"|"ManagedDoom/src/Doom/Game/SaveAndLoad.cs"
"13"|"SpriteLookup.sb.ps1"|"c:/code/Doom Powershell/src/Doom/Graphics/SpriteLookup.sb.ps1"|"src/Doom/Graphics/SpriteLookup.sb.ps1"|"ManagedDoom/src/Doom/Graphics/SpriteLookup.cs"
"14"|"TextureAnimation.sb.ps1"|"c:/code/Doom Powershell/src/Doom/Graphics/TextureAnimation.sb.ps1"|"src/Doom/Graphics/TextureAnimation.sb.ps1"|"ManagedDoom/src/Doom/Graphics/TextureAnimation.cs"
"15"|"TextureLookup.sb.ps1"|"c:/code/Doom Powershell/src/Doom/Graphics/TextureLookup.sb.ps1"|"src/Doom/Graphics/TextureLookup.sb.ps1"|"ManagedDoom/src/Doom/Graphics/TextureLookup.cs"
"16"|"DummySpriteLookup.sb.ps1"|"c:/code/Doom Powershell/src/Doom/Graphics/Dummy/DummySpriteLookup.sb.ps1"|"src/Doom/Graphics/Dummy/DummySpriteLookup.sb.ps1"|"ManagedDoom/src/Doom/Graphics/Dummy/DummySpriteLookup.cs"
"17"|"DummyTextureLookup.sb.ps1"|"c:/code/Doom Powershell/src/Doom/Graphics/Dummy/DummyTextureLookup.sb.ps1"|"src/Doom/Graphics/Dummy/DummyTextureLookup.sb.ps1"|"ManagedDoom/src/Doom/Graphics/Dummy/DummyTextureLookup.cs"
"18"|"DoomInfo.sb.ps1"|"c:/code/Doom Powershell/src/Doom/Info/DoomInfo.sb.ps1"|"src/Doom/Info/DoomInfo.sb.ps1"|"c:/code/Doom Powershell/managed-doom-master/src/Doom/Info/doominfo.*"
"19"|"DoomInfo.States.sb.ps1"|"c:/code/Doom Powershell/src/Doom/Info/DoomInfo.States.sb.ps1"|"src/Doom/Info/DoomInfo.States.sb.ps1"|"ManagedDoom/src/Doom/Info/DoomInfo.States.cs"
"20"|"Animation.sb.ps1"|"c:/code/Doom Powershell/src/Doom/Intermission/Animation.sb.ps1"|"src/Doom/Intermission/Animation.sb.ps1"|"ManagedDoom/src/Doom/Intermission/Animation.cs"
"21"|"Finale.sb.ps1"|"c:/code/Doom Powershell/src/Doom/Intermission/Finale.sb.ps1"|"src/Doom/Intermission/Finale.sb.ps1"|"ManagedDoom/src/Doom/Intermission/Finale.cs"
"22"|"Intermission.sb.ps1"|"c:/code/Doom Powershell/src/Doom/Intermission/Intermission.sb.ps1"|"src/Doom/Intermission/Intermission.sb.ps1"|"ManagedDoom/src/Doom/Intermission/Intermission.cs"
"23"|"BlockMap.sb.ps1"|"c:/code/Doom Powershell/src/Doom/Map/BlockMap.sb.ps1"|"src/Doom/Map/BlockMap.sb.ps1"|"ManagedDoom/src/Doom/Map/BlockMap.cs"
"24"|"LineDef.sb.ps1"|"c:/code/Doom Powershell/src/Doom/Map/LineDef.sb.ps1"|"src/Doom/Map/LineDef.sb.ps1"|"ManagedDoom/src/Doom/Map/LineDef.cs"
"25"|"Map.sb.ps1"|"c:/code/Doom Powershell/src/Doom/Map/Map.sb.ps1"|"src/Doom/Map/Map.sb.ps1"|"ManagedDoom/src/Doom/Map/Map.cs"
"26"|"Node.sb.ps1"|"c:/code/Doom Powershell/src/Doom/Map/Node.sb.ps1"|"src/Doom/Map/Node.sb.ps1"|"ManagedDoom/src/Doom/Map/Node.cs"
"27"|"Reject.sb.ps1"|"c:/code/Doom Powershell/src/Doom/Map/Reject.sb.ps1"|"src/Doom/Map/Reject.sb.ps1"|"ManagedDoom/src/Doom/Map/Reject.cs"
"28"|"Sector.sb.ps1"|"c:/code/Doom Powershell/src/Doom/Map/Sector.sb.ps1"|"src/Doom/Map/Sector.sb.ps1"|"ManagedDoom/src/Doom/Map/Sector.cs"
"29"|"Seg.sb.ps1"|"c:/code/Doom Powershell/src/Doom/Map/Seg.sb.ps1"|"src/Doom/Map/Seg.sb.ps1"|"ManagedDoom/src/Doom/Map/Seg.cs"
"30"|"MenuItem.sb.ps1"|"c:/code/Doom Powershell/src/Doom/Menu/MenuItem.sb.ps1"|"src/Doom/Menu/MenuItem.sb.ps1"|"ManagedDoom/src/Doom/Menu/MenuItem.cs"
"31"|"SideDef.sb.ps1"|"c:/code/Doom Powershell/src/Doom/Map/SideDef.sb.ps1"|"src/Doom/Map/SideDef.sb.ps1"|"ManagedDoom/src/Doom/Map/SideDef.cs"
"32"|"Geometry.sb.ps1"|"c:/code/Doom Powershell/src/Doom/Math/Geometry.sb.ps1"|"src/Doom/Math/Geometry.sb.ps1"|"ManagedDoom/src/Doom/Math/Geometry.cs"
"33"|"Subsector.sb.ps1"|"c:/code/Doom Powershell/src/Doom/Map/Subsector.sb.ps1"|"src/Doom/Map/Subsector.sb.ps1"|"ManagedDoom/src/Doom/Map/Subsector.cs"
"34"|"DoomMenu.sb.ps1"|"c:/code/Doom Powershell/src/Doom/Menu/DoomMenu.sb.ps1"|"src/Doom/Menu/DoomMenu.sb.ps1"|"ManagedDoom/src/Doom/Menu/DoomMenu.cs"
"35"|"HelpScreen.sb.ps1"|"c:/code/Doom Powershell/src/Doom/Menu/HelpScreen.sb.ps1"|"src/Doom/Menu/HelpScreen.sb.ps1"|"ManagedDoom/src/Doom/Menu/HelpScreen.cs"
"36"|"LoadMenu.sb.ps1"|"c:/code/Doom Powershell/src/Doom/Menu/LoadMenu.sb.ps1"|"src/Doom/Menu/LoadMenu.sb.ps1"|"ManagedDoom/src/Doom/Menu/LoadMenu.cs"
"37"|"PressAnyKey.sb.ps1"|"c:/code/Doom Powershell/src/Doom/Menu/PressAnyKey.sb.ps1"|"src/Doom/Menu/PressAnyKey.sb.ps1"|"ManagedDoom/src/Doom/Menu/PressAnyKey.cs"
"38"|"QuitConfirm.sb.ps1"|"c:/code/Doom Powershell/src/Doom/Menu/QuitConfirm.sb.ps1"|"src/Doom/Menu/QuitConfirm.sb.ps1"|"ManagedDoom/src/Doom/Menu/QuitConfirm.cs"
"39"|"SaveMenu.sb.ps1"|"c:/code/Doom Powershell/src/Doom/Menu/SaveMenu.sb.ps1"|"src/Doom/Menu/SaveMenu.sb.ps1"|"ManagedDoom/src/Doom/Menu/SaveMenu.cs"
"40"|"SliderMenuItem.sb.ps1"|"c:/code/Doom Powershell/src/Doom/Menu/SliderMenuItem.sb.ps1"|"src/Doom/Menu/SliderMenuItem.sb.ps1"|"ManagedDoom/src/Doom/Menu/SliderMenuItem.cs"
"41"|"TextBoxMenuItem.sb.ps1"|"c:/code/Doom Powershell/src/Doom/Menu/TextBoxMenuItem.sb.ps1"|"src/Doom/Menu/TextBoxMenuItem.sb.ps1"|"ManagedDoom/src/Doom/Menu/TextBoxMenuItem.cs"
"42"|"ToggleMenuItem.sb.ps1"|"c:/code/Doom Powershell/src/Doom/Menu/ToggleMenuItem.sb.ps1"|"src/Doom/Menu/ToggleMenuItem.sb.ps1"|"ManagedDoom/src/Doom/Menu/ToggleMenuItem.cs"
"43"|"DemoPlayback.sb.ps1"|"c:/code/Doom Powershell/src/Doom/Opening/DemoPlayback.sb.ps1"|"src/Doom/Opening/DemoPlayback.sb.ps1"|"ManagedDoom/src/Doom/Opening/DemoPlayback.cs"
"44"|"OpeningSequence.sb.ps1"|"c:/code/Doom Powershell/src/Doom/Opening/OpeningSequence.sb.ps1"|"src/Doom/Opening/OpeningSequence.sb.ps1"|"ManagedDoom/src/Doom/Opening/OpeningSequence.cs"
"45"|"AutoMap.sb.ps1"|"c:/code/Doom Powershell/src/Doom/World/AutoMap.sb.ps1"|"src/Doom/World/AutoMap.sb.ps1"|"ManagedDoom/src/Doom/World/AutoMap.cs"
"46"|"Button.sb.ps1"|"c:/code/Doom Powershell/src/Doom/World/Button.sb.ps1"|"src/Doom/World/Button.sb.ps1"|"ManagedDoom/src/Doom/World/Button.cs"
"47"|"CeilingMove.sb.ps1"|"c:/code/Doom Powershell/src/Doom/World/CeilingMove.sb.ps1"|"src/Doom/World/CeilingMove.sb.ps1"|"ManagedDoom/src/Doom/World/CeilingMove.cs"
"48"|"Cheat.sb.ps1"|"c:/code/Doom Powershell/src/Doom/World/Cheat.sb.ps1"|"src/Doom/World/Cheat.sb.ps1"|"ManagedDoom/src/Doom/World/Cheat.cs"
"49"|"DivLine.sb.ps1"|"c:/code/Doom Powershell/src/Doom/World/DivLine.sb.ps1"|"src/Doom/World/DivLine.sb.ps1"|"ManagedDoom/src/Doom/World/DivLine.cs"
"50"|"FireFlicker.sb.ps1"|"c:/code/Doom Powershell/src/Doom/World/FireFlicker.sb.ps1"|"src/Doom/World/FireFlicker.sb.ps1"|"ManagedDoom/src/Doom/World/FireFlicker.cs"
"51"|"FloorMove.sb.ps1"|"c:/code/Doom Powershell/src/Doom/World/FloorMove.sb.ps1"|"src/Doom/World/FloorMove.sb.ps1"|"ManagedDoom/src/Doom/World/FloorMove.cs"
"52"|"GlowingLight.sb.ps1"|"c:/code/Doom Powershell/src/Doom/World/GlowingLight.sb.ps1"|"src/Doom/World/GlowingLight.sb.ps1"|"ManagedDoom/src/Doom/World/GlowingLight.cs"
"53"|"Hitscan.sb.ps1"|"c:/code/Doom Powershell/src/Doom/World/Hitscan.sb.ps1"|"src/Doom/World/Hitscan.sb.ps1"|"ManagedDoom/src/Doom/World/Hitscan.cs"
"54"|"Intercept.sb.ps1"|"c:/code/Doom Powershell/src/Doom/World/Intercept.sb.ps1"|"src/Doom/World/Intercept.sb.ps1"|"ManagedDoom/src/Doom/World/Intercept.cs"
"55"|"ItemPickup.sb.ps1"|"c:/code/Doom Powershell/src/Doom/World/ItemPickup.sb.ps1"|"src/Doom/World/ItemPickup.sb.ps1"|"ManagedDoom/src/Doom/World/ItemPickup.cs"
"56"|"LightFlash.sb.ps1"|"c:/code/Doom Powershell/src/Doom/World/LightFlash.sb.ps1"|"src/Doom/World/LightFlash.sb.ps1"|"ManagedDoom/src/Doom/World/LightFlash.cs"
"57"|"LightingChange.sb.ps1"|"c:/code/Doom Powershell/src/Doom/World/LightingChange.sb.ps1"|"src/Doom/World/LightingChange.sb.ps1"|"ManagedDoom/src/Doom/World/LightingChange.cs"
"58"|"MapCollision.sb.ps1"|"c:/code/Doom Powershell/src/Doom/World/MapCollision.sb.ps1"|"src/Doom/World/MapCollision.sb.ps1"|"ManagedDoom/src/Doom/World/MapCollision.cs"
"59"|"MapInteraction.sb.ps1"|"c:/code/Doom Powershell/src/Doom/World/MapInteraction.sb.ps1"|"src/Doom/World/MapInteraction.sb.ps1"|"ManagedDoom/src/Doom/World/MapInteraction.cs"
"60"|"Mobj.sb.ps1"|"c:/code/Doom Powershell/src/Doom/World/Mobj.sb.ps1"|"src/Doom/World/Mobj.sb.ps1"|"ManagedDoom/src/Doom/World/Mobj.cs"
"61"|"MobjStateDef.sb.ps1"|"c:/code/Doom Powershell/src/Doom/World/MobjStateDef.sb.ps1"|"src/Doom/World/MobjStateDef.sb.ps1"|"ManagedDoom/src/Doom/World/MobjStateDef.cs"
"62"|"MonsterBehavior.sb.ps1"|"c:/code/Doom Powershell/src/Doom/World/MonsterBehavior.sb.ps1"|"src/Doom/World/MonsterBehavior.sb.ps1"|"ManagedDoom/src/Doom/World/MonsterBehavior.cs"
"63"|"Platform.sb.ps1"|"c:/code/Doom Powershell/src/Doom/World/Platform.sb.ps1"|"src/Doom/World/Platform.sb.ps1"|"ManagedDoom/src/Doom/World/Platform.cs"
"64"|"Player.sb.ps1"|"c:/code/Doom Powershell/src/Doom/Game/Player.sb.ps1"|"src/Doom/Game/Player.sb.ps1"|"ManagedDoom/src/Doom/Game/Player.cs"
"65"|"PlayerBehavior.sb.ps1"|"c:/code/Doom Powershell/src/Doom/World/PlayerBehavior.sb.ps1"|"src/Doom/World/PlayerBehavior.sb.ps1"|"ManagedDoom/src/Doom/World/PlayerBehavior.cs"
"66"|"SectorAction.sb.ps1"|"c:/code/Doom Powershell/src/Doom/World/SectorAction.sb.ps1"|"src/Doom/World/SectorAction.sb.ps1"|"ManagedDoom/src/Doom/World/SectorAction.cs"
"67"|"Specials.sb.ps1"|"c:/code/Doom Powershell/src/Doom/World/Specials.sb.ps1"|"src/Doom/World/Specials.sb.ps1"|"ManagedDoom/src/Doom/World/Specials.cs"
"68"|"StatusBar.sb.ps1"|"c:/code/Doom Powershell/src/Doom/World/StatusBar.sb.ps1"|"src/Doom/World/StatusBar.sb.ps1"|"ManagedDoom/src/Doom/World/StatusBar.cs"
"69"|"StrobeFlash.sb.ps1"|"c:/code/Doom Powershell/src/Doom/World/StrobeFlash.sb.ps1"|"src/Doom/World/StrobeFlash.sb.ps1"|"ManagedDoom/src/Doom/World/StrobeFlash.cs"
"70"|"ThingAllocation.sb.ps1"|"c:/code/Doom Powershell/src/Doom/World/ThingAllocation.sb.ps1"|"src/Doom/World/ThingAllocation.sb.ps1"|"ManagedDoom/src/Doom/World/ThingAllocation.cs"
"71"|"ThingInteraction.sb.ps1"|"c:/code/Doom Powershell/src/Doom/World/ThingInteraction.sb.ps1"|"src/Doom/World/ThingInteraction.sb.ps1"|"ManagedDoom/src/Doom/World/ThingInteraction.cs"
"72"|"ThingMovement.sb.ps1"|"c:/code/Doom Powershell/src/Doom/World/ThingMovement.sb.ps1"|"src/Doom/World/ThingMovement.sb.ps1"|"ManagedDoom/src/Doom/World/ThingMovement.cs"
"73"|"Thinkers.sb.ps1"|"c:/code/Doom Powershell/src/Doom/World/Thinkers.sb.ps1"|"src/Doom/World/Thinkers.sb.ps1"|"ManagedDoom/src/Doom/World/Thinkers.cs"
"74"|"VerticalDoor.sb.ps1"|"c:/code/Doom Powershell/src/Doom/World/VerticalDoor.sb.ps1"|"src/Doom/World/VerticalDoor.sb.ps1"|"ManagedDoom/src/Doom/World/VerticalDoor.cs"
"75"|"VisibilityCheck.sb.ps1"|"c:/code/Doom Powershell/src/Doom/World/VisibilityCheck.sb.ps1"|"src/Doom/World/VisibilityCheck.sb.ps1"|"ManagedDoom/src/Doom/World/VisibilityCheck.cs"
"76"|"WeaponBehavior.sb.ps1"|"c:/code/Doom Powershell/src/Doom/World/WeaponBehavior.sb.ps1"|"src/Doom/World/WeaponBehavior.sb.ps1"|"ManagedDoom/src/Doom/World/WeaponBehavior.cs"
"77"|"PathTraversal.sb.ps1"|"c:/code/Doom Powershell/src/Doom/World/PathTraversal.sb.ps1"|"src/Doom/World/PathTraversal.sb.ps1"|"ManagedDoom/src/Doom/World/PathTraversal.cs"
"78"|"World.sb.ps1"|"c:/code/Doom Powershell/src/Doom/World/World.sb.ps1"|"src/Doom/World/World.sb.ps1"|"ManagedDoom/src/Doom/World/World.cs"
"79"|"SilkConfigUtilities.sb.ps1"|"c:/code/Doom Powershell/src/Silk/SilkConfigUtilities.sb.ps1"|"src/Silk/SilkConfigUtilities.sb.ps1"|"ManagedDoom/src/Silk/SilkConfigUtilities.cs"
"80"|"SilkDoom.sb.ps1"|"c:/code/Doom Powershell/src/Silk/SilkDoom.sb.ps1"|"src/Silk/SilkDoom.sb.ps1"|"ManagedDoom/src/Silk/SilkDoom.cs"
"81"|"SilkMusic.sb.ps1"|"c:/code/Doom Powershell/src/Silk/SilkMusic.sb.ps1"|"src/Silk/SilkMusic.sb.ps1"|"ManagedDoom/src/Silk/SilkMusic.cs"
"82"|"SilkProgram.sb.ps1"|"c:/code/Doom Powershell/src/Silk/SilkProgram.sb.ps1"|"src/Silk/SilkProgram.sb.ps1"|"ManagedDoom/src/Silk/SilkProgram.cs"
"83"|"SilkSound.sb.ps1"|"c:/code/Doom Powershell/src/Silk/SilkSound.sb.ps1"|"src/Silk/SilkSound.sb.ps1"|"ManagedDoom/src/Silk/SilkSound.cs"
"84"|"SilkUserInput.sb.ps1"|"c:/code/Doom Powershell/src/Silk/SilkUserInput.sb.ps1"|"src/Silk/SilkUserInput.sb.ps1"|"ManagedDoom/src/Silk/SilkUserInput.cs"
"85"|"IVideo.sb.ps1"|"c:/code/Doom Powershell/src/Video/IVideo.sb.ps1"|"src/Video/IVideo.sb.ps1"|"ManagedDoom/src/Video/IVideo.cs"
"86"|"SilkVideo.sb.ps1"|"c:/code/Doom Powershell/src/Silk/SilkVideo.sb.ps1"|"src/Silk/SilkVideo.sb.ps1"|"ManagedDoom/src/Silk/SilkVideo.cs"
"87"|"AutoMapRenderer.sb.ps1"|"c:/code/Doom Powershell/src/Video/AutoMapRenderer.sb.ps1"|"src/Video/AutoMapRenderer.sb.ps1"|"ManagedDoom/src/Video/AutoMapRenderer.cs"
"88"|"DrawScreen.sb.ps1"|"c:/code/Doom Powershell/src/Video/DrawScreen.sb.ps1"|"src/Video/DrawScreen.sb.ps1"|"ManagedDoom/src/Video/DrawScreen.cs"
"89"|"FinaleRenderer.sb.ps1"|"c:/code/Doom Powershell/src/Video/FinaleRenderer.sb.ps1"|"src/Video/FinaleRenderer.sb.ps1"|"ManagedDoom/src/Video/FinaleRenderer.cs"
"90"|"IntermissionRenderer.sb.ps1"|"c:/code/Doom Powershell/src/Video/IntermissionRenderer.sb.ps1"|"src/Video/IntermissionRenderer.sb.ps1"|"ManagedDoom/src/Video/IntermissionRenderer.cs"
"91"|"MenuRenderer.sb.ps1"|"c:/code/Doom Powershell/src/Video/MenuRenderer.sb.ps1"|"src/Video/MenuRenderer.sb.ps1"|"ManagedDoom/src/Video/MenuRenderer.cs"
"92"|"NullVideo.sb.ps1"|"c:/code/Doom Powershell/src/Video/NullVideo.sb.ps1"|"src/Video/NullVideo.sb.ps1"|"ManagedDoom/src/Video/NullVideo.cs"
"93"|"OpeningSequenceRenderer.sb.ps1"|"c:/code/Doom Powershell/src/Video/OpeningSequenceRenderer.sb.ps1"|"src/Video/OpeningSequenceRenderer.sb.ps1"|"ManagedDoom/src/Video/OpeningSequenceRenderer.cs"
"94"|"Renderer.sb.ps1"|"c:/code/Doom Powershell/src/Video/Renderer.sb.ps1"|"src/Video/Renderer.sb.ps1"|"ManagedDoom/src/Video/Renderer.cs"
"95"|"StatusBarRenderer.sb.ps1"|"c:/code/Doom Powershell/src/Video/StatusBarRenderer.sb.ps1"|"src/Video/StatusBarRenderer.sb.ps1"|"ManagedDoom/src/Video/StatusBarRenderer.cs"
"96"|"ThreeDRenderer.sb.ps1"|"c:/code/Doom Powershell/src/Video/ThreeDRenderer.sb.ps1"|"src/Video/ThreeDRenderer.sb.ps1"|"ManagedDoom/src/Video/ThreeDRenderer.cs"
